B,N,ms_fused_topk,ms_cute_topk,speedup_cute_topk_vs_triton_topk
256,150000,0.3247507489245871,0.39650958129819835,0.8190237115111616
1024,150000,1.110050658384959,1.1608248291344478,0.9562602647056163
4096,150000,5.759110418955485,4.5616505271510075,1.262505837454487
