B,N,ms_fused,ms_kernel,ms_pytorch,ms_sparse_pytorch,speedup_fused_vs_kernel,speedup_fused_vs_pytorch,speedup_fused_vs_sparse_pytorch
256,150000,0.5521846020614708,38.34009552001953,2.906076669692993,1.078911470585182,69.43347456065318,5.26287161728838,1.9538963356770216
1024,150000,2.1345436121966386,152.12442016601562,11.16927981376648,3.755704738877036,71.26789038030749,5.232631345616912,1.7594884065226832
4096,150000,9.933368894788954,612.5916137695312,44.78771209716797,16.307200241088868,61.670075908576884,4.5088139352867085,1.6416585766429783
