B,N,ms_fused_topk,ms_cute_topk,speedup_cute_topk_vs_triton_topk
256,150000,0.3242779809495677,0.26233238774922585,1.2361339891418903
1024,150000,1.1109877308209737,0.9609313914270112,1.156157183262714
4096,150000,5.749964745839437,4.045919985998244,1.4211760899222914
