B,N,ms_fused_topk,ms_sparse_pytorch_topk,speedup_fused_topk_vs_sparse_pytorch_topk
256,512,0.05201456184961838,0.5489436434374915,10.553653129378786
256,1024,0.09079745316961009,0.4224987697715943,4.653200668331132
1024,512,0.052811304631525884,0.4484086373448372,8.490769930291746
1024,1024,0.09243332632597845,0.5487627256047595,5.9368492665672825
